id,member,surname,title,gender,initial,profile_pic,party_id
1357,"Zungula, Mr V",Zungula,Mr,male,V,zungula.jpg,15
1967,"Petersen, Ms JS",Petersen,Ms,female,JS,Petersen_JS.jpg,20
2026,"Sokanyile, Ms T",Sokanyile,Ms,female,T,sokanyile.jpg,1
708,"Michalakis, Mr G",Michalakis,Mr,male,G,Michalakis.jpg,2
504,"Didiza, Ms AT",Didiza,Ms,female,AT,images/committee-members/resize/didiza_ms_at-didiza_angela_thokozile.jpg,1
1387,"Nkabane, Dr NP",Nkabane,Dr,female,NP,ms_nobuhle_pamela_nkabane.jpg,1
421,"Mazzone, Ms NW",Mazzone,Ms,female,NW,Mazzone.jpg,2
1807,"Alexander, Ms W",Alexander,Ms,female,W,1/alex.jpg,2
2324,"Nkosi, Mr V A",Nkosi,Mr,male,VA,Vusumuzi_Alfred_Nkosi.jpg,1
2329,"Montana, Mr L",Montana,Mr,male,L,montana.jpg,19
2334,"Mbiko, Ms F",Mbiko,Ms,female,F,fez.jpg,2
2336,"Lonzi, Mr S",Lonzi,Mr,male,S,lonzi.jpg,11
2337,"Tagodien, Ms R",Tagodien,Ms,female,R,tt.jpg,20
2341,"Segede, Mr M",Segede,Mr,male,M,segede.jpeg,1
2342,"Nchabeleng, Mr A",Nchabeleng,Mr,male,A,nchabeleng.png,19
2345,"Matiwane, Mr C",Matiwane,Mr,male,C,,11
1968,"Blose, Mr MB",Blose,Mr,male,MB,Blose_Mzwikayise.jpeg,11
619,"Whitfield, Mr AG",Whitfield,Mr,male,AG,whitfield.jpg,2
1908,"Niehaus, Mr CG",Niehaus,Mr,male,CG,neihaus.jpg,11
651,"Atkinson, Mr P",Atkinson,Mr,male,P,aTKINSON.jpg,2
2325,"Seate, Ms M O",Seate,Ms,female,MO,Makithing_Olga_Seate.jpg,1
2248,"Kubheka, Mr TTS",Kubheka,Mr,male,TTS,Thalente_Thuthukani_Sakhike_Khubeka.jpg,19
2330,"Kobane, Mr G E",Kobane,Mr,male,GE,penny_penny.jpg,19
2338,"Daniels, Mr M V",Daniels,Mr,male,MV,dd.jpg,20
2320,"Hlophe, Mr C R",Hlophe,Mr,male,CR,hlophe_R.jpg,1
2343,"Makhubele, Ms C",Makhubele,Ms,female,C,1/makhubele.png,19
1929,"Mtolo, Ms NE",Mtolo,Ms,female,NE,Mtolo.jpg,1
2326,"Matsa, Mr F S",Matsa,Mr,male,FS,Matsa.jpg,19
2331,"Gama, Mr S I",Gama,Mr,male,SI,gama.jpg,19
843,"Tolashe, Ms N G",Tolashe,Ms,female,NG,1/tolashe.jpg,1
2036,"Singh, Ms S",Singh,Ms,female,S,1/singh.jpg,2
1909,"Gcilishe, Ms S",Gcilishe,Ms,female,S,Gclishe.jpg,11
2339,"Mathopa, Ms M L",Mathopa,Ms,female,ML,mil.jpg,20
2178,"Trollip, Mr A",Trollip,Mr,male,A,1/trollip.jpg,21
959,"Mvana, Ms NQ",Mvana,Ms,female,NQ,mvana.jpg,1
1970,"Machi, Ms BE",Machi,Ms,female,BE,Machi.jpg,4
2327,"Shongwe, Mr C V",Shongwe,Mr,male,CV,shongwe....cv.jpg,19
1799,"Mogale, Mr T",Mogale,Mr,male,T,2/mogale.jpg,11
2028,"Hala, Mr MM",Hala,Mr,male,MM,Hala.jpg,1
1930,"Subrathie, Mr SI",Subrathie,Mr,male,SI,Subrathie.jpg,1
1845,"Manyi, Mr M",Manyi,Mr,male,M,man.jpg,19
2332,"Gamede, Mr T I",Gamede,Mr,male,TI,gamede.jpg,19
2340,"van Wyk, Mr SHM",van Wyk,Mr,male,SHM,saintes-harry-mclove-van-wyk.jpg,20
2029,"Webster, Ms NL",Webster,Ms,female,NL,webster.jpg,23
1414,"Nzuza, Mr NB",Nzuza,Mr,male,NB,nzuza.jpg,1
1910,"Mailola, Ms PR",Mailola,Ms,female,PR,poppy.jpg,11
770,"Labuschagne, Ms C",Labuschagne,Ms,female,C,Labuscaghne.jpg,2
2031,"Kumbaca, Ms AN",Kumbaca,Ms,female,AN,Kumbaca.jpg,1
1971,"Buthelezi, Mr NZ",Buthelezi,Mr,male,NZ,N_Buthelezi.jpg,4
683,"Macpherson, Mr DW",Macpherson,Mr,male,DW,Macpherson.jpg,2
2032,"Smith, Mr R",Smith,Mr,male,R,SmithR.jpg,2
2034,"Linde, Ms E",Linde,Ms,female,E,Linde.jpg,2
1972,"Mhlongo, Ms NH",Mhlongo,Ms,female,NH,mhlongo_nompumelelo.jpg,4
1940,"Mhlauli, Ms NB",Mhlauli,Ms,female,NB,Mhalauli.jpg,1
327,"Meshoe, Rev KR",Meshoe,Rev,male,KR,Meshoe.jpg,3
2030,"Dithebe, Mr SL",Dithebe,Mr,male,SL,Dithebe.jpg,1
1441,"Lucas, Ms SE",Lucas,Ms,female,SE,Lucas.jpg,1
295,"Mashatile, Mr SP",Mashatile,Mr,male,SP,P_Mashatile.jpg,1
2130,"Hlophe, Dr J",Hlophe,Dr,male,J,hlophe_dr.jpg,19
2039,"Frenchman, Ms S",Frenchman,Ms,female,S,Frenchman.jpg,24
810,"Maswanganyi, Mr MJ",Maswanganyi,Mr,male,MJ,Maswanganyi.jpg,1
2038,"Bateman, Mr AG",Bateman,Mr,male,AG,Bateman.jpg,2
1798,"Van Zyl, Ms A M",Van Zyl,Ms,female,AM,Van_Zyl.jpg,2
1991,"Makgato, Ms MP",Makgato,Ms,female,MP,Makgato.jpg,1
2040,"Mofokeng, Ms ML",Mofokeng,Ms,female,ML,mofokeng.jpg,1
1718,"Mkhonto, Ms C N",Mkhonto,Ms,female,CN,Mkhonto.jpg,11
838,"Mchunu, Mr ES",Mchunu,Mr,male,ES,Mchunu.jpg,1
2041,"Freeman, Ms E",Freeman,Ms,female,E,Freeman.jpg,20
249,"Kubayi, Ms M",Kubayi,Ms,female,M,Kubayi-Ngubane.jpg,1
1413,"Graham-Maré, Ms SJ",Graham-Maré,Ms,female,SJ,Graham.jpg,2
1938,"Letlape, Dr TKS",Letlape,Dr,male,TKS,letlape.jpg,21
580,"Mahlobo, Mr MD",Mahlobo,Mr,male,MD,Mahlobo_MB.jpg,1
87,"Sithole, Mr KP",Sithole,Mr,male,KP,Sithole_kp.jpg,4
2043,"James, Ms DE",James,Ms,female,DE,James_de.jpg,21
1942,"Nalumango, Ms RS",Nalumango,Ms,female,RS,naumango.jpg,1
1941,"Mgcina, Ms PS",Mgcina,Ms,female,PS,Phumzile_Mgcina.jpg,1
1935,"Chauke-Adonis, Ms TM",Chauke-Adonis,Ms,female,TM,TM_Chauke.jpg,1
1914,"Mc Kenzie, Mr G",Mc Kenzie,Mr,male,G,mckenzie.jpg,20
1937,"Beesley, Mr AD",Beesley,Mr,male,AD,Alan_Beesley.JPG,21
2044,"Tshotetsi, Mr NT",Tshotetsi,Mr,male,NT,Mr_Noble_Tshiamo_Tshotetsi.JPG,1
1936,"Kobe, Ms MP",Kobe,Ms,female,MP,Kobe.jpg,21
1982,"Pholwane, Ms MB",Pholwane,Ms,female,MB,Pholwane.jpg,1
2075,"Gasa, Mr MM",Gasa,Mr,male,MM,MM_Gasa.jpg,19
1939,"Godlimpi, Mr Z",Godlimpi,Mr,male,Z,zuko.JPG,1
2244,"Ligaraba, Ms LE",Ligaraba,Ms,female,LE,Ms_Livhuwani_Ethel_Ligaraba.JPG,1
1983,"Moela, Mr MS",Moela,Mr,male,MS,Moela.jpg,1
1915,"Rorke, Ms FS",Rorke,Ms,female,FS,rorke.JPG,20
51,"Gigaba, Mr M",Gigaba,Mr,male,M,Gigaba.jpg,1
2076,"Gasa, Ms NM",Gasa,Ms,female,NM,NM_Gasa.jpg,19
951,"Marawu, Ms TL",Marawu,Ms,female,TL,Marawu_TL.jpg,15
2229,"Salie, Adv S",Salie,Adv,female,S,SD_Salie.JPG,17
1943,"Ntuli, Mr M",Ntuli,Mr,male,M,2/ntuli.jpg,1
2046,"Mmolotsane, Ms ML",Mmolotsane,Ms,female,ML,mmolotsane.jpg,1
492,"Boshielo, Ms SP",Boshielo,Ms,female,SP,Boshielo.jpg,1
2077,"Abader, Ms ZS",Abader,Ms,female,ZS,Zelna_Abader.JPG,19
1944,"Maimela, Ms KJ",Maimela,Ms,female,KJ,Maimela.jpg,1
2081,"Madlala, Mr EK",Madlala,Mr,male,EK,Madlala.jpg,19
1985,"Ramaila, Mr KS",Ramaila,Mr,male,KS,Ramaila.jpg,1
2047,"Bath, Mr EM",Bath,Mr,male,EM,bath.jpg,2
2078,"Gcwabaza, Rev NB",Gcwabaza,Rev,male,NB,Gcwabaza.jpg,19
2163,"Cloete, Mr EA",Cloete,Mr,male,EA,Erald_Cloete.JPG,1
1945,"Neale-May, Ms HE",Neale-May,Ms,female,HE,may.jpg,1
2048,"Komane, Mr LM",Komane,Mr,male,LM,Komane.jpg,11
1989,"Sauls, Mr A",Sauls,Mr,male,A,1/sauls.jpg,20
2049,"Jordaan, Ms C",Jordaan,Ms,female,C,Jordaan.jpg,2
1134,"Masemola, Mr ND",Masemola,Mr,male,ND,Masemola.jpg,1
1988,"Ligraba, Ms LE",Ligraba,Ms,female,LE,Ligarabe.jpg,1
2085,"Matutu, Mr MJ",Matutu,Mr,male,MJ,Mandlenkosi_James_Matutu.JPG,19
390,"Muthambi, Ms AF",Muthambi,Ms,female,AF,muthambi.jpg,1
1423,"Hendricks, Mr MGE",Hendricks,Mr,male,MGE,Hendricks_MGE.jpg,17
2082,"Mafagane, Ms MC",Mafagane,Ms,female,MC,Mafagane.jpg,19
2050,"Nontenja, Ms TC",Nontenja,Ms,female,TC,Christobel_Thandiwe_Nontenja.JPG,6
1990,"Bila, Ms TJ",Bila,Ms,female,TJ,Bila_J.jpg,1
1946,"Govana, Ms Y",Govana,Ms,female,Y,Yanga_Govana.JPG,1
1948,"Mkutu, Mr L",Mkutu,Mr,male,L,Mkutu.jpg,1
2083,"Malinga, Mr JS",Malinga,Mr,male,JS,Malinga.jpg,19
1947,"Shiviti, Ms TG",Shiviti,Ms,female,TG,Tsakani_Goodness_Shiviti.JPG,1
2052,"Christie, Ms KA",Christie,Ms,female,KA,christie.jpg,2
2087,"Mchunu, Ms G",Mchunu,Ms,female,G,Mchunu_G.jpg,19
2086,"Mbele, Ms H",Mbele,Ms,female,H,Mbele.jpg,19
1177,"Diale, Ms B",Diale,Ms,female,B,1/Diale.jpg,11
1995,"Adams, Mr, F",Adams,Mr,male,F,adams.jpg,24
1994,"Mahlangu, Mr S",Mahlangu,Mr,male,S,Mahlangu.jpg,1
2098,"Motubatse, Mr MP",Motubatse,Mr,male,MP,motubatse.jpg,19
2058,"Maeco, Mr SM",Maeco,Mr,male,SM,Maeco.jpg,1
2002,"Khumalo, Ms JQ",Khumalo,Ms,female,JQ,Juliet_Queen_Khumalo.JPG,1
1350,"Cuthbert, Mr MJ",Cuthbert,Mr,male,MJ,Cuthbert_MJ.jpg,2
2091,"Mjadu, TS",Mjadu,,male,TS,mjadu.jpg,19
462,"Matiase, Mr NS",Matiase,Mr,male,NS,Matiase.jpg,11
2001,"Mahlatsi, Mr LW",Mahlatsi,Mr,male,LW,Mahlatsi.jpg,25
1998,"Shabangu, Ms FL",Shabangu,Ms,female,FL,Fisani_Lillian_Shabangu.JPG,1
1480,"Dlelanga, Mr M",Dlelanga,Mr,male,M,Dlelanga.jpg,1
1999,"Zibi, Mr SS",Zibi,Mr,male,SS,zibi.jpg,22
2093,"Mkhize, Mr SP",Mkhize,Mr,male,SP,1/Mkhize.jpg,19
2063,"Gcaleka-Mazibuko, Ms NA",Gcaleka-Mazibuko,Ms,female,NA,molwele.jpg,1
2059,"Ngobeni, Ms LM",Ngobeni,Ms,female,LM,ngbeni.jpg,21
2000,"Mokoena, Ms JL",Mokoena,Ms,female,JL,Mokoena_JL.jpg,1
1321,"Mahlaule, Mr MG",Mahlaule,Mr,male,MG,Mahlaule.jpg,1
909,"Khanyile, Ms AT",Khanyile,Ms,female,AT,1/Khanyile.jpg,2
2060,"Wakelin, Mr KS",Wakelin,Mr,male,KS,wakelin.jpg,2
2105,"Ngubane, Mr JS",Ngubane,Mr,male,JS,ngubane.jpg,19
2100,"Mtshweni, Ms NA",Mtshweni,Ms,female,NA,mtshweni.jpg,19
2095,"Moodley, Mr SR",Moodley,Mr,male,SR,moodley.jpg,19
2061,"Potgieter, Ms LR",Potgieter,Ms,female,LR,Leah_Ruth.JPG,2
2003,"Klopper, Mr DD",Klopper,Mr,male,DD,Klopper.jpg,2
2007,"Sompa-Masiu, Ms NS",Sompa-Masiu,Ms,female,NS,Sompa-Masiu.jpg,1
2064,"Jacobs, Mr LC",Jacobs,Mr,male,LC,Jacobs.jpg,2
2062,"Ramongalo, Mr TR",Ramongalo,Mr,male,TR,ramongalo.jpg,2
2065,"Mbiyo, Ms IM",Mbiyo,Ms,female,IM,Mbiyo.jpg,1
1959,"Mdluli, Mr MM",Mdluli,Mr,male,MM,Mdluli.jpg,2
2004,"Kegakilwe, Ms BM",Kegakilwe,Ms,female,BM,Kegakilwe.jpg,1
2104,"Ndhlela, Mr N",Ndhlela,Mr,male,N,ndlela.jpg,19
2107,"Nomvalo, Mr S",Nomvalo,Mr,male,S,nomvalo.jpg,19
2005,"Legoete, Mr MD",Legoete,Mr,male,MD,Legoete.jpg,1
2008,"Kgabo, Mr GD",Kgabo,Mr,male,GD,kgg.jpg,1
701,"Chance, Mr T",Chance,Mr,male,T,chance.jpg,2
2102,"Mwali, Mr SG",Mwali,Mr,male,SG,mwali.jpg,19
2099,"Mthethwa, Mr ZE",Mthethwa,Mr,male,ZE,1/mthethwa.jpg,19
1273,"Morolong, Mr IK",Morolong,Mr,male,IK,mr_itiseng_kenneth_morolong.jpg,1
2066,"De Blocq Van Scheltinga, Mr AD",De Blocq Van Scheltinga,Mr,male,AD,Andrew_Dirk_de_Blocq_van_Scheltinga.JPG,2
1962,"Zondi, Mr S",Zondi,Mr,male,S,Zondi.jpg,2
2101,"Muhammad, Ms MB",Muhammad,Ms,female,MB,muhammed.jpg,19
2006,"Tlhong, Ms KC",Tlhong,Ms,female,KC,Tlhong.jpg,1
2009,"Senne, Ms MM",Senne,Ms,female,MM,Senne.jpg,1
536,"Kruger, Mr HC",Kruger,Mr,male,HC,kruger.jpg,2
2109,"Ntshingila, Mr EM",Ntshingila,Mr,male,EM,ntshitgila.jpg,19
2103,"Ncube, Ms PP",Ncube,Ms,female,PP,ncube.jpg,19
481,"Mkhaliphi, Ms HO",Mkhaliphi,Ms,female,HO,Mkhaliphi.jpg,11
2010,"Mosikatsi, Ms S",Mosikatsi,Ms,female,S,Mosikatsi.jpg,1
2110,"Ntshaba, Ms D",Ntshaba,Ms,female,D,ntshaba.jpg,19
2011,"Schickerling, Ms LM",Schickerling,Ms,female,LM,Schickerling.jpg,2
2111,"Nxumalo, Mr NI",Nxumalo,Mr,male,NI,nxumalo.jpg,19
2012,"Makasi, Ms N",Makasi,Ms,female,N,Makasi.jpg,1
925,"Mantashe, Mr G",Mantashe,Mr,male,G,Mantashe_GS.jpg,1
1900,"Vilakazi, Mr S G",Vilakazi,Mr,male,SG,1/vilakazi.jpg,2
926,"Seabi, Mr M A",Seabi,Mr,male,MA,Seabi.jpg,1
1966,"Bollman, Ms NJ",Bollman,Ms,female,NJ,bollman...jpg,2
982,"Tikana-Gxothiwe, Ms W",Tikana-Gxothiwe,Ms,female,W,tikana.jpg,1
1396,"Modise-Mpya, Ms M",Modise-Mpya,Ms,female,M,modise.jpg,1
2013,"Plaatjies, Mr WTD",Plaatjies,Mr,male,WTD,Plaatjies.jpg,1
1897,"Poole, Mr C",Poole,Mr,male,C,poole.jpg,2
1324,"Swarts, Ms B",Swarts,Ms,female,B,swarts.jpg,1
1338,"Chabane, Mr MS",Chabane,Mr,male,MS,Chabane.jpg,1
918,"Maseko, Ms M",Maseko,Ms,female,M,Maseko_LM.jpg,2
1816,"Ramokgopa, Ms M",Ramokgopa,Ms,female,M,ramokgopa.jpg,1
2014,"Sapo, Ms L",Sapo,Ms,female,L,Lindelwa_Sapo.JPG,1
861,"Molefe, Mr B",Molefe,Mr,male,B,molefe.jpg,19
880,"Nolutshungu, Ms N",Nolutshungu,Ms,female,N,nolutshungu.jpg,11
1329,"Tito-Duba, Ms LF",Tito-Duba,Ms,female,LF,Tito.jpg,11
868,"Adams, Ms R C",Adams,Ms,female,RC,R_aDAMS.jpg,1
1126,"Ndalane, Ms NA",Ndalane,Ms,female,NA,Ndalane.jpg,1
879,"Skosana, Mr GJ",Skosana,Mr,male,GJ,Skosana.jpg,1
919,"Davids, Ms S",Davids,Ms,female,S,Davids.jpg,1
543,"Ntlangwini, Ms EN",Ntlangwini,Ms,female,EN,Ntlangwini.jpg,11
527,"Kekana, Ms PS",Kekana,Ms,female,PS,Kekana_PS.jpg,1
949,"Majodina, Ms PC",Majodina,Ms,female,PC,Majodina_PC.jpg,1
855,"Thembekwayo, Dr S",Thembekwayo,Dr,female,S,1/thembekwayo.jpg,11
133,"Lotriet, Prof  A",Lotriet,Prof,female,A,Lotriet.jpg,2
804,"Paulsen, Mr N M",Paulsen,Mr,male,NM,paulsen_mn.jpg,11
841,"Gungubele, Mr M",Gungubele,Mr,male,M,gungubele.jpg,1
2015,"Sokopo, Mr MM",Sokopo,Mr,male,MM,Sokopo.jpg,1
1362,"De Lille, Ms P",De Lille,Ms,female,P,Lille_resized.jpg,16
878,"Buthelezi, Mr EM",Buthelezi,Mr,male,EM,1/Buthelezi_EM.jpg,4
903,"Mhaule, Dr R",Mhaule,Dr,female,R,Mhaule.jpg,1
906,"Botes, Mr A",Botes,Mr,male,A,21.jpg,1
916,"Dugmore, Mr C",Dugmore,Mr,male,C,dugmore...jpg,1
2017,"Le Roux, Dr KW",Le Roux,Dr,male,KW,Le_Roux.jpg,2
904,"Mkhize, Dr Z",Mkhize,Dr,male,Z,Mkhize.jpg,1
2018,"Kgobisa-Ngcaba, Ms K",Kgobisa-Ngcaba,Ms,female,K,Kgobisa-Ngcaba.jpg,2
1400,"Nontsele, Mr M",Nontsele,Mr,male,M,notsele.jpg,1
370,"Motsoaledi, Dr PA",Motsoaledi,Dr,male,PA,motsoaledi.jpg,1
2024,"Louw, Mr STD",Louw,Mr,male,STD,louw.jpg,1
1132,"Mathabatha, Mr CS",Mathabatha,Mr,male,CS,Mathabatha.jpg,1
17,"Phaahla, Dr JM",Phaahla,Dr,male,JM,1/Phaahla.jpg,1
99,"Steenhuisen, Mr JH",Steenhuisen,Mr,male,JH,1/steenhuisen.jpg,2
1709,"Tau, Mr P",Tau,Mr,male,P,tau.jpg,1
1402,"Nqola, Mr X",Nqola,Mr,male,X,nqola.jpg,1
2019,"Cameron, Mr I",Cameron,Mr,male,I,Cameron.jpg,2
65,"Lorimer, Mr JR",Lorimer,Mr,male,JR,Lorimer_JR.jpg,2
108,"Swart, Mr SN",Swart,Mr,male,SN,1/swart.jpg,3
98,"Sotyu, Ms MM",Sotyu,Ms,female,MM,sotyu.jpg,1
83,"Singh, Mr N",Singh,Mr,male,N,n_singh.jpg,4
25,"Pule, Ms DD",Pule,Ms,female,DD,1/pule.jpg,1
1406,"Ntshavheni, Ms KPS",Ntshavheni,Ms,female,KPS,289.jpg,1
150,"van der Merwe, Ms LL",van der Merwe,Ms,female,LL,370.jpg,4
444,"Thring, Mr WM",Thring,Mr,male,WM,thring.jpg,3
438,"Mohai, Mr S",Mohai,Mr,male,S,mohai.jpg,1
1268,"Ismail, Ms H",Ismail,Ms,female,H,1/Ismail.jpg,2
134,"Nemadzinga-Tshabalala, Ms J",Nemadzinga-Tshabalala,Ms,female,J,1/tshabalala.jpg,1
1775,"Malematja, Mr C N",Malematja,Mr,male,CN,4615.jpg,1
163,"Van Rooyen, Mr DD",Van Rooyen,Mr,male,DD,van_rooyen.jpg,19
248,"Chikunga, Ms LS",Chikunga,Ms,female,LS,chikuinga.jpg,1
1774,"Marais, Ms P",Marais,Ms,female,P,1/Marais_P.jpg,11
239,"Koornhof, Dr GW",Koornhof,Dr,male,GW,Koornhof.jpg,1
2020,"Burke, Dr MJ",Burke,Dr,male,MJ,Burke.jpg,2
386,"Mulder, Dr CP",Mulder,Dr,male,CP,Mulder.jpg,8
1715,"Maotwe, Ms OMC",Maotwe,Ms,female,OMC,2460.jpg,11
599,"Masina, Mr MC",Masina,Mr,male,MC,Masina.jpg,1
1411,"Gondwe, Dr M",Gondwe,Dr,female,M,Gondwe.jpg,2
1084,"Gana, Mr M",Gana,Mr,male,M,gana_sm.jpg,22
2021,"Maduna, Mr N",Maduna,Mr,male,N,N_Maduna.JPG,1
262,"Makhubela, Ms LS",Makhubela,Ms,female,LS,makhubela...2.jpg,1
238,"Kohler, Ms D",Kohler,Ms,female,D,Kohler_D.jpg,2
362,"Ndabeni-Abrahams, Ms ST",Ndabeni-Abrahams,Ms,female,ST,ndabeni.jpg,1
1424,"Munyai, Mr TB",Munyai,Mr,male,TB,munyai.jpg,1
1776,"Zondo, Mr  S S",Zondo,Mr,male,SS,Zondo_S.jpg,4
336,"Mncwango, Mr MA",Mncwango,Mr,male,MA,mncwango.jpg,4
274,"Manamela, Mr KB",Manamela,Mr,male,KB,Manamela.jpg,1
1265,"Hlongo, Ms AS",Hlongo,Ms,female,AS,Hlongo.jpg,1
1266,"Majozi, Ms Z",Majozi,Ms,female,Z,ms_zandile_majozi.jpg,4
368,"Motshekga, Ms MA",Motshekga,Ms,female,MA,Motshekga_MA.jpg,1
1777,"Hadebe, Mr N",Hadebe,Mr,male,N,hadebbe.jpg,4
711,"Mathys, Ms L",Mathys,Ms,female,L,MATHY.jpg,11
419,"Nzimande, Dr BE",Nzimande,Dr,male,BE,nzimande.jpg,1
278,"Dikgale, Ms MC",Dikgale,Ms,female,MC,Dikgale.jpg,1
118,"Hlengwa, Mr M",Hlengwa,Mr,male,M,Hlengwa.jpg,4
29,"Frolick, Mr CT",Frolick,Mr,male,CT,Frolick.jpg,1
2120,"Reddy, Mr VG",Reddy,Mr,male,VG,reddy.jpg,19
441,"Mileham, Mr K",Mileham,Mr,male,K,Mileham.jpg,2
1443,"Aucamp, Mr W",Aucamp,Mr,male,W,aucamp.jpg,2
454,"Kwankwa, Mr NL",Kwankwa,Mr,male,NL,Kwankwa.jpg,6
475,"Bilankulu, Ms NK",Bilankulu,Ms,female,NK,Bilankulu.jpg,1
465,"Bagraim, Mr M",Bagraim,Mr,male,M,bagraim.jpg,2
445,"Mathale, Mr C",Mathale,Mr,male,C,Mathale_C.jpg,1
1616,"Zikalala, Mr S",Zikalala,Mr,male,S,zikalala.jpg,1
2121,"Rweqana, Ms M",Rweqana,Ms,female,M,rweqana.jpg,19
473,"Bergman, Mr D",Bergman,Mr,male,D,Bergman.jpg,2
471,"Basson, Mr LJ",Basson,Mr,male,LJ,basson.jpg,2
797,"Dlamini, Mr MM",Dlamini,Mr,male,MM,marshall_dlamini.jpg,11
829,"Hattingh, Mr C",Hattingh,Mr,male,C,1/hattingh.jpg,2
1248,"Sithole, Ms RJ",Sithole,Ms,female,RJ,sithole.jpg,2
1366,"Van Staden, Mr PA",Van Staden,Mr,male,PA,Van_Staden_PA.jpg,8
52,"Gina, Ms N",Gina,Ms,female,N,Gina.jpg,1
1276,"Motaung, Ms NE",Motaung,Ms,female,NE,Motaung_NE.jpg,1
2122,"Selepe, Mr HD",Selepe,Mr,male,HD,selepe.jpg,19
740,"McGluwa, Mr JJ",McGluwa,Mr,male,JJ,Mc_Gluwa.jpg,2
957,"Mrara, Mr M",Mrara,Mr,male,M,1/mrara.jpg,1
1344,"Mathafa, Mr OM",Mathafa,Mr,male,OM,Mathafa.jpg,1
658,"Mahambehlala, Ms T",Mahambehlala,Ms,female,T,1/Mahambehlala.jpg,1
1100,"Magagula, Ms TE",Magagula,Ms,female,TE,Magagula.jpg,1
1070,"Creecy, Ms B",Creecy,Ms,female,B,Creecy.jpg,1
2123,"Skosana, Mr DM",Skosana,Mr,male,DM,d_skosana.jpg,19
1143,"Moraka, Ms AT",Moraka,Ms,female,AT,moraka.jpg,1
1144,"Lekganyane, Mr MS",Lekganyane,Mr,male,MS,Lekganyane.jpg,1
1444,"Christians, Dr. DC",Christians,Dr.,female,DC,1/Christians.jpg,2
1363,"Powell, Ms EL",Powell,Ms,female,EL,1/311.jpg,2
1699,"Managa, Dr L",Managa,Dr,female,L,Managa.jpg,11
1404,"Mohlala, Ms MR",Mohlala,Ms,female,MR,mohlala_resized.jpg,11
2124,"Themba, Mr AT",Themba,Mr,male,AT,themba.jpg,19
961,"Ndamase, Mr P",Ndamase,Mr,male,P,1/ndamase.jpg,1
1421,"Montwedi, Mr Mk",Montwedi,Mr,male,Mk,montwedi.jpg,11
1296,"Letsie, Mr WT",Letsie,Mr,male,WT,Letsie.jpg,1
1426,"Gwarube, Ms S",Gwarube,Ms,female,S,Gwarube.jpg,2
1316,"Maneli, Mr BM",Maneli,Mr,male,BM,1/maneli.jpg,1
1682,"Selamolela, Mr S",Selamolela,Mr,male,S,Selamolela.jpg,1
1532,"Ntshalintshali, Ms LL",Ntshalintshali,Ms,female,LL,ntshalihali.jpg,1
1708,"Weber, Ms AMM",Weber,Ms,female,AMM,ms_annerie_maria_magdalena_weber.jpg,2
1300,"Luthuli, Mr BN",Luthuli,Mr,male,BN,inkosi_bhrkizizwe_nivard_luthuli.jpg,4
1371,"De Villiers, Mr JN",De Villiers,Mr,male,JN,1/De_Villiers_JN.jpg,2
2128,"Zuma-Sambudla, Ms D",Zuma-Sambudla,Ms,female,D,1/zuma_ds.jpg,19
1494,"Meth, Ms N",Meth,Ms,female,N,Meth.jpg,1
1368,"Ngcobo, Mr SL",Ngcobo,Mr,male,SL,1/Ngcobo_S.jpg,4
1361,"Phiri, Ms CM",Phiri,Ms,female,CM,Phiri.jpg,1
60,"Groenewald, Dr PJ",Groenewald,Dr,male,PJ,groenewald.jpg,8
1312,"Spies, Ms ERJ",Spies,Ms,female,ERJ,spies.jpg,2
374,"Nel, Mr AC",Nel,Mr,male,AC,4161.jpg,1
769,"Mokwele, Ms T",Mokwele,Ms,female,T,mokwele_resized.jpg,11
1334,"Mulder, Mr FJ",Mulder,Mr,male,FJ,Mulder_FJ.jpg,8
1293,"Siweya, Ms RT",Siweya,Ms,female,RT,1/siweya.jpg,1
1375,"Roos, Mr AC",Roos,Mr,male,AC,roos.jpg,2
1077,"Clarke, Ms M",Clarke,Ms,female,M,clarke.jpg,2
1429,"Nhanha, Mr M",Nhanha,Mr,male,M,nanha.jpg,2
1304,"Mphithi, Mr L",Mphithi,Mr,male,L,mphiti.jpg,2
1288,"Lamola, Mr RO",Lamola,Mr,male,RO,Lamola_RO.jpg,1
291,"Marais, Mr EJ",Marais,Mr,male,EJ,Marais_EJ.jpg,2
482,"Mbatha, Mr MS",Mbatha,Mr,male,MS,Mbatha.jpg,19
1570,"Hlabisa, Mr VF",Hlabisa,Mr,male,VF,Hlabisa.jpg,4
911,"Wessels, Mr W",Wessels,Mr,male,W,1/wessels.jpg,8
1341,"Masondo, Dr D",Masondo,Dr,male,D,Masondo.jpg,1
1302,"Mabhena, Mr TB",Mabhena,Mr,male,TB,Mabhena.jpg,2
1464,"Madikizela, Mr BS",Madikizela,Mr,male,BS,Madikizela_B.jpg,2
1290,"Langa, Mr TM",Langa,Mr,male,TM,lan.jpg,4
1374,"Direko, Ms DR",Direko,Ms,female,DR,DR_Direko.JPG,1
1377,"Dhlomo, Dr SM",Dhlomo,Dr,male,SM,Dhlomo.jpg,1
185,"Xaba-Ntshaba, Ms PP",Xaba-Ntshaba,Ms,female,PP,xaba_n.jpg,1
1378,"Schreiber, Dr LA",Schreiber,Dr,male,LA,schrieber.jpg,2
1376,"Sarupen, Mr AN",Sarupen,Mr,male,AN,sarupen.jpg,2
2131,"Khubeka, Mr TTS",Khubeka,Mr,male,TTS,Khubeka.jpg,19
1379,"Mchunu, Ms TVB",Mchunu,Ms,female,TVB,Mchunu_TVB.jpg,1
2132,"Madlala, Mr KB",Madlala,Mr,male,KB,KB_Madlala.jpg,19
1380,"Seitlholo, Mr IS",Seitlholo,Mr,male,IS,Seitlholo.jpg,2
496,"Capa, Ms RN",Capa,Ms,female,RN,capa.jpg,1
1160,"Sekoati, Mr SC",Sekoati,Mr,male,SC,Sekoati.jpg,1
517,"Hunsinger, Dr CH",Hunsinger,Dr,male,CH,94.jpg,2
640,"Mashabela, Ms N",Mashabela,Ms,female,N,mashabela.jpg,11
2133,"Msezane, Mr MP",Msezane,Mr,male,MP,msezane.jpg,19
1385,"Mgweba, Ms T",Mgweba,Ms,female,T,Mgweba.jpg,1
529,"Khawula, Ms MS",Khawula,Ms,female,MS,Khawula.jpg,11
516,"Horn, Mr W",Horn,Mr,male,W,Horn.jpg,2
494,"Breytenbach, Adv G",Breytenbach,Adv,female,G,1/Breytenbach.jpg,2
583,"Maimane, Mr MA",Maimane,Mr,male,MA,Maimane.jpg,23
596,"Shelembe, Mr ML",Shelembe,Mr,male,ML,Shelembe_L.jpg,2
2134,"Taaibosch, Mr G",Taaibosch,Mr,male,G,taaib.jpg,19
491,"Mnganga-Gcabashe, Ms LA",Mnganga-Gcabashe,Ms,female,LA,mnganga.jpg,1
1272,"Denner, Ms H",Denner,Ms,female,H,1/Denner.jpg,8
1351,"Pambo, Mr V",Pambo,Mr,male,V,Pambo.jpg,11
621,"Xego, Ms ST",Xego,Ms,female,ST,1/xego.jpg,1
2135,"Douglas, Mr WM",Douglas,Mr,male,WM,Marshall_Douglas.JPG,19
1719,"Mathulelwa, Ms B",Mathulelwa,Ms,female,B,Mathulelwa.jpg,11
712,"Masango, Ms B",Masango,Ms,female,B,Masango.jpg,2
692,"Malema, Mr J",Malema,Mr,male,J,Malema.jpg,11
594,"Malatsi, Mr MS",Malatsi,Mr,male,MS,Malatsi.jpg,2
725,"Holomisa, Mr BH",Holomisa,Mr,male,BH,1/Holomisa.jpg,6
732,"Chetty, Mr M",Chetty,Mr,male,M,Chetty.jpg,2
813,"Cebekhulu, Inkosi RN",Cebekhulu,Inkosi,male,RN,Cebekhulu_N.jpg,4
638,"Van Der Walt, Ms D",Van Der Walt,Ms,female,D,1/van_der_walt.jpg,2
728,"Mabe, Ms BP",Mabe,Ms,female,BP,mabe_resized.jpg,1
746,"Smit, Mr CF",Smit,Mr,male,CF,1/423.jpg,2
1401,"Gantsho, Ms N",Gantsho,Ms,female,N,Gantsho.jpg,1
1880,"Letlape, Ms MS",Letlape,Ms,female,MS,Letlape_s.jpg,11
1397,"Nodada, Mr BB",Nodada,Mr,male,BB,nodada.jpg,2
966,"Nkopane, Ms NS",Nkopane,Ms,female,NS,nkopane.jpg,1
2025,"Letsike, Ms MSE",Letsike,Ms,female,MSE,1/Letsike.jpg,1
818,"Mngxitama, Mr A",Mngxitama,Mr,male,A,1/mngxitama.jpg,19
512,"George, Dr DT",George,Dr,male,DT,George_DT.jpg,2
1412,"Nyhontso, Mr M",Nyhontso,Mr,male,M,nyhontso.jpg,10
1729,"Tambo, Mr S",Tambo,Mr,male,S,tambo.jpg,11
1328,"Boshoff, Dr WJ",Boshoff,Dr,male,WJ,Boshoff.jpg,8
1127,"Aphiri, Ms MJ",Aphiri,Ms,female,MJ,aphiri.jpg,1
2022,"Sangoni, Ms KLN",Sangoni,Ms,female,KLN,sangoni.jpg,1
1753,"Ramolobeng, Ms A",Ramolobeng,Ms,female,A,ramolobeng.jpg,1
1738,"Burns-Ncamashe, Prince Z",Burns-Ncamashe,Prince,male,Z,1/Burns.jpg,1
762,"Essack, Mr F",Essack,Mr,male,F,Essack_F.jpg,2
1750,"Peach, Mr WD",Peach,Mr,male,WD,W_Peach.JPG,2
1763,"Myburgh, Mr NG",Myburgh,Mr,male,NG,Myburgh_ng.jpg,2
559,"Mente-Nkuna, Ms NV",Mente-Nkuna,Ms,female,NV,Mente.jpg,11
1759,"Godongwana, Mr E",Godongwana,Mr,male,E,godongwana....jpg,1
1326,"Mahumapelo, Mr S",Mahumapelo,Mr,male,S,Mahumapelo.jpg,1
1080,"Engelbrecht, Mr J",Engelbrecht,Mr,male,J,1/Engelbrecht.jpg,2
1803,"Dlamini, Ms M",Dlamini,Ms,female,M,Mbali_Dlamini.jpg,11
1275,"Abrahams, Ms ALA",Abrahams,Ms,female,ALA,abrahams.jpg,2
1064,"Bodlani, Ms T",Bodlani,Ms,female,T,1/bodlani.jpg,2
1758,"Simelane, Ms T",Simelane,Ms,female,T,simelane.jpg,1
1844,"Mthethwa, Mr E",Mthethwa,Mr,male,E,E_Mthethwa_EFF.jpg,11
1726,"Nkosi, Ms NE",Nkosi,Ms,female,NE,ethel.jpg,1
1843,"Shikwambana, Mr M",Shikwambana,Mr,male,M,Shikwambana_M.jpg,11
1623,"Ramokgopa, Mr  KD",Ramokgopa,Mr,male,KD,1/ramokgopa.jpg,1
1515,"Khakhau, Ms KL",Khakhau,Ms,female,KL,Khakau.jpg,2
1839,"Moore, Mr S J",Moore,Mr,male,SJ,Moore.jpg,2
313,"Dunjwa, Ms ML",Dunjwa,Ms,female,ML,Dunjwa.jpg,1
287,"Dlakude, Ms DE",Dlakude,Ms,female,DE,dlakude.jpg,1
1714,"Tafeni, Ms N",Tafeni,Ms,female,N,tafen_resized.jpg,11
1012,"Sibiya, Mr J",Sibiya,Mr,male,J,1/sibiya.jpg,1
1842,"Mhlongo, Ms N",Mhlongo,Ms,female,N,N_Mhlongo.jpg,11
1642,"Hassan, Ms F",Hassan,Ms,female,F,Hassan.jpg,1
1853,"Baptie, Mr E",Baptie,Mr,male,E,bPATIE.jpg,2